category,number_of_data_points,p_value
large,8699,0.03847298521031817
medium,11112,0.011332722827549189
small,2982,0.4577800069973701
